{
	"Capture": {
		"AbsoluteBlackLevelOffset": 0,
		"AutoBlackLevel": false,
		"AutoExposure": true,
		"AutoGain": true,
		"Binning": 1,
		"BlackLevelOffset": 1,
		"Exposure": 3.75434999999999963,
		"FlashDelay": 0,
		"FrontLight": false,
		"Gain": 1,
		"GainBoost": true,
		"HardwareGamma": true,
		"Hdr": false,
		"MaxFlashTime": 7,
		"MaxGain": 4,
		"PixelClock": 20,
		"Projector": true,
		"TargetBrightness": 82,
		"TriggerMode": "Software",
		"Triggered": true,
		"UseDisparityMapAreaOfInterest": false
	},
	"DisparityMap": {
		"AreaOfInterest": {
			"LeftTop": [
				0,
				0
			],
			"RightBottom": [
				751,
				477
			]
		},
		"MeasurementVolume": {
			"Far": {
				"DisparityStep": 8.18205773759912347,
				"LeftBottom": [
					-231.099727919472656,
					298.986539907851466,
					708.519170760567476
				],
				"LeftTop": [
					-231.099727919472656,
					-257.243984732198555,
					708.519170760567476
				],
				"PixelSize": 1.1661017288051363,
				"RightBottom": [
					496.54775085493236,
					298.986539907851466,
					708.519170760567476
				],
				"RightTop": [
					496.54775085493236,
					-257.243984732198555,
					708.519170760567476
				]
			},
			"Near": {
				"DisparityStep": 1.35749311206357359,
				"LeftBottom": [
					-94.1319339898275587,
					121.783705640102411,
					288.595232945496605
				],
				"LeftTop": [
					-94.1319339898275587,
					-104.781057113703156,
					288.595232945496605
				],
				"PixelSize": 0.474978538267936179,
				"RightBottom": [
					202.254673889364625,
					121.783705640102411,
					288.595232945496605
				],
				"RightTop": [
					202.254673889364625,
					-104.781057113703156,
					288.595232945496605
				]
			}
		},
		"PostProcessing": {
			"Filling": {
				"BorderSpread": 3,
				"RegionSize": 150
			},
			"MedianFilterRadius": 1,
			"SpeckleRemoval": {
				"ComponentThreshold": 3,
				"RegionSize": 150
			},
			"UniquenessOffset": 16,
			"UniquenessRatio": 10
		},
		"Scaling": 1,
		"StereoMatching": {
			"CostScale": -3,
			"DepthChangeCost": 5,
			"DepthStepCost": 30,
			"MinimumDisparity": -64,
			"NumberOfDisparities": 128,
			"OptimizationProfile": "AlignedAndDiagonal",
			"PropagationDecay": 3,
			"ScaledMinimumDisparity": -64,
			"ScaledNumberOfDisparities": 128,
			"ShadowingThreshold": 1
		},
		"ValidRegion": {
			"LeftTop": [
				63,
				0
			],
			"RightBottom": [
				687,
				477
			]
		}
	},
	"IO": {
		"Input": false,
		"Output": false
	},
	"Overlay": {
		"Text": {
			"Angle": 0,
			"Color": [
				255,
				0,
				0
			],
			"Mirror": {
				"Horizontal": false,
				"Vertical": false
			}
		}
	}
}