{
	"Capture": {
		"AbsoluteBlackLevelOffset": 0,
		"AutoBlackLevel": false,
		"AutoExposure": true,
		"AutoGain": true,
		"Binning": 1,
		"BlackLevelOffset": 1,
		"Exposure": 6.98909999999999965,
		"FlashDelay": 0,
		"FrontLight": false,
		"Gain": 4,
		"GainBoost": true,
		"HardwareGamma": true,
		"Hdr": false,
		"MaxFlashTime": 7,
		"MaxGain": 4,
		"PixelClock": 10,
		"Projector": true,
		"TargetBrightness": 82,
		"TriggerMode": "Software",
		"Triggered": false,
		"UseDisparityMapAreaOfInterest": false
	},
	"DisparityMap": {
		"AreaOfInterest": {
			"LeftTop": [
				0,
				0
			],
			"RightBottom": [
				751,
				479
			]
		},
		"MeasurementVolume": {
			"Far": {
				"DisparityStep": 15.659278986170694,
				"LeftBottom": [
					-151.934502654231977,
					416.850914346585569,
					980.180857204122162
				],
				"LeftTop": [
					-151.934502654231977,
					-355.876933004850173,
					980.180857204122162
				],
				"PixelSize": 1.61321053726813313,
				"RightBottom": [
					648.217923830762061,
					416.850914346585569,
					980.180857204122162
				],
				"RightTop": [
					648.217923830762061,
					-355.876933004850173,
					980.180857204122162
				]
			},
			"Near": {
				"DisparityStep": 0.612117251873136148,
				"LeftBottom": [
					-30.0391637047200071,
					82.4161243020366641,
					193.792803579281582
				],
				"LeftTop": [
					-30.0391637047200071,
					-70.3608809224519121,
					193.792803579281582
				],
				"PixelSize": 0.31894990652294064,
				"RightBottom": [
					128.159989930658554,
					82.4161243020366641,
					193.792803579281582
				],
				"RightTop": [
					128.159989930658554,
					-70.3608809224519121,
					193.792803579281582
				]
			}
		},
		"PostProcessing": {
			"Filling": {
				"BorderSpread": 3,
				"RegionSize": 150
			},
			"MedianFilterRadius": 1,
			"SpeckleRemoval": {
				"ComponentThreshold": 3,
				"RegionSize": 150
			},
			"UniquenessOffset": 16,
			"UniquenessRatio": 10
		},
		"Scaling": 1,
		"StereoMatching": {
			"CostScale": -3,
			"DepthChangeCost": 5,
			"DepthStepCost": 30,
			"MinimumDisparity": -88,
			"NumberOfDisparities": 256,
			"OptimizationProfile": "AlignedAndDiagonal",
			"PropagationDecay": 3,
			"ScaledMinimumDisparity": -88,
			"ScaledNumberOfDisparities": 256,
			"ShadowingThreshold": 1
		},
		"ValidRegion": {
			"LeftTop": [
				167,
				0
			],
			"RightBottom": [
				663,
				479
			]
		}
	},
	"IO": {
		"Input": false,
		"Output": false
	},
	"Overlay": {
		"Text": {
			"Angle": 0,
			"Color": [
				255,
				0,
				0
			],
			"Mirror": {
				"Horizontal": false,
				"Vertical": false
			}
		}
	}
}