{
	"Capture": {
		"AbsoluteBlackLevelOffset": 0,
		"AutoBlackLevel": false,
		"AutoExposure": true,
		"AutoGain": true,
		"Binning": 1,
		"BlackLevelOffset": 1,
		"Exposure": 6.95854999999999979,
		"FlashDelay": 0,
		"FrontLight": false,
		"Gain": 1.68999999999999995,
		"GainBoost": true,
		"HardwareGamma": true,
		"Hdr": false,
		"MaxFlashTime": 7,
		"MaxGain": 4,
		"PixelClock": 20,
		"Projector": true,
		"TargetBrightness": 82,
		"TriggerMode": "Software",
		"Triggered": false,
		"UseDisparityMapAreaOfInterest": false
	},
	"DisparityMap": {
		"AreaOfInterest": {
			"LeftTop": [
				0,
				0
			],
			"RightBottom": [
				751,
				477
			]
		},
		"MeasurementVolume": {
			"Far": {
				"DisparityStep": 9.68450122649025502,
				"LeftBottom": [
					-158.812164810238698,
					325.281224801072426,
					770.830632479537371
				],
				"LeftTop": [
					-158.812164810238698,
					-279.867576821977707,
					770.830632479537371
				],
				"PixelSize": 1.26865576860178209,
				"RightBottom": [
					531.336573309130813,
					325.281224801072426,
					770.830632479537371
				],
				"RightTop": [
					531.336573309130813,
					-279.867576821977707,
					770.830632479537371
				]
			},
			"Near": {
				"DisparityStep": 0.752214578825728508,
				"LeftBottom": [
					-44.2604688091030241,
					90.6548910890893183,
					214.828160089170666
				],
				"LeftTop": [
					-44.2604688091030241,
					-77.9982450929337574,
					214.828160089170666
				],
				"PixelSize": 0.353570516104870225,
				"RightBottom": [
					148.081891951946375,
					90.6548910890893183,
					214.828160089170666
				],
				"RightTop": [
					148.081891951946375,
					-77.9982450929337574,
					214.828160089170666
				]
			}
		},
		"PostProcessing": {
			"Filling": {
				"BorderSpread": 3,
				"RegionSize": 150
			},
			"MedianFilterRadius": 2,
			"SpeckleRemoval": {
				"ComponentThreshold": 3,
				"RegionSize": 150
			},
			"UniquenessOffset": 16,
			"UniquenessRatio": 10
		},
		"Scaling": 1,
		"StereoMatching": {
			"CostScale": -3,
			"DepthChangeCost": 5,
			"DepthStepCost": 30,
			"MinimumDisparity": -71,
			"NumberOfDisparities": 208,
			"OptimizationProfile": "AlignedAndDiagonal",
			"PropagationDecay": 3,
			"ScaledMinimumDisparity": -71,
			"ScaledNumberOfDisparities": 208,
			"ShadowingThreshold": 1
		},
		"ValidRegion": {
			"LeftTop": [
				136,
				0
			],
			"RightBottom": [
				680,
				477
			]
		}
	},
	"IO": {
		"Input": false,
		"Output": false
	},
	"Overlay": {
		"Text": {
			"Angle": 0,
			"Color": [
				255,
				0,
				0
			],
			"Mirror": {
				"Horizontal": false,
				"Vertical": false
			}
		}
	}
}